{
  "country": "Angola",
  "year": 2019,
  "parameters": {
    "sigma": 5.0,
    "kappa": 2.0,
    "alpha": 0.65
  },
  "calibration_version": "v2-rrh-krugman-cse-row",
  "trade_cost_scale": 273.3186063172845,
  "n_districts": 163,
  "n_total": 163,
  "welfare_pct": 6.951614107148707,
  "welfare_s1_pct": 6.412968671644403,
  "welfare_cv": 1.3797604831442257e-09,
  "stage2_converged": true,
  "welfare_s3_pct": 6.684329136794598,
  "welfare_s3_cv": 0.041088175702615644,
  "kappa": 2.0
}