{
  "year": 2019,
  "national_gdp_usd": 80734428592.5368,
  "total_population": 33299010.712158203,
  "n_districts": 163,
  "parameters": {
    "theta": 5.0,
    "kappa": 2.0,
    "alpha": 0.65,
    "sigma": 5.0
  },
  "trade_cost_scale": 270.80807851955717,
  "median_pi_nn": 0.6152130419231594
}