{
  "country": "Botswana",
  "year": 2019,
  "parameters": {
    "theta": 5.0,
    "kappa": 2.0,
    "alpha": 0.65,
    "sigma": 5.0
  },
  "n_districts": 26,
  "n_total": 30,
  "welfare_pct": 3.621923676974892,
  "welfare_s1_pct": 16.506598456761544
}