{
  "country": "Burkina Faso",
  "year": 2019,
  "parameters": {
    "theta": 5.0,
    "kappa": 2.0,
    "alpha": 0.65,
    "sigma": 5.0
  },
  "n_districts": 44,
  "n_total": 45,
  "welfare_pct": 5.420233795420182,
  "welfare_s1_pct": 12.393949041511675
}