{
  "country": "Burundi",
  "year": 2019,
  "parameters": {
    "theta": 5.0,
    "kappa": 2.0,
    "alpha": 0.65,
    "sigma": 5.0
  },
  "n_districts": 128,
  "n_total": 133,
  "welfare_pct": 32.123331749337765,
  "welfare_s1_pct": 47.19051729257564
}