{
  "country": "Cameroon",
  "year": 2019,
  "parameters": {
    "sigma": 5.0,
    "kappa": 2.0,
    "alpha": 0.65
  },
  "calibration_version": "v2-rrh-krugman-cse-row",
  "trade_cost_scale": 299.1237324666987,
  "n_districts": 56,
  "n_total": 58,
  "welfare_pct": 6.715284276156752,
  "welfare_s1_pct": 6.57082631006336,
  "welfare_cv": 1.7495258315032254e-08,
  "stage2_converged": true,
  "welfare_s3_pct": 6.684233717760235,
  "welfare_s3_cv": 0.029559724587370547,
  "kappa": 2.0
}