{
  "country": "Central African Republic",
  "year": 2019,
  "parameters": {
    "sigma": 5.0,
    "kappa": 2.0,
    "alpha": 0.65
  },
  "calibration_version": "v2-rrh-krugman-cse-row",
  "trade_cost_scale": 926.5120386652518,
  "n_districts": 42,
  "n_total": 51,
  "welfare_pct": 13.828931187710714,
  "welfare_s1_pct": 13.27320284159903,
  "welfare_cv": 4.2611309368784063e-10,
  "stage2_converged": true,
  "welfare_s3_pct": 13.611514227397548,
  "welfare_s3_cv": 0.046595714199006114,
  "kappa": 2.0
}