{
  "country": "Chad",
  "year": 2019,
  "parameters": {
    "sigma": 5.0,
    "kappa": 2.0,
    "alpha": 0.65
  },
  "calibration_version": "v2-rrh-krugman-cse-row",
  "trade_cost_scale": 499.6676480316349,
  "n_districts": 54,
  "n_total": 55,
  "welfare_pct": 11.844108258375364,
  "welfare_s1_pct": 11.867295564882596,
  "welfare_cv": 7.055211564841311e-08,
  "stage2_converged": true,
  "welfare_s3_pct": 11.928171088244666,
  "welfare_s3_cv": 0.0301202047432481,
  "kappa": 2.0
}