{
  "country": "Chad",
  "year": 2019,
  "parameters": {
    "theta": 5.0,
    "kappa": 2.0,
    "alpha": 0.65,
    "sigma": 5.0
  },
  "n_districts": 54,
  "n_total": 55,
  "welfare_pct": 24.85701648780281,
  "welfare_s1_pct": 35.59440472737781
}