{
  "country": "Congo Republic",
  "year": 2019,
  "parameters": {
    "sigma": 5.0,
    "kappa": 2.0,
    "alpha": 0.65
  },
  "calibration_version": "v2-rrh-krugman-cse-row",
  "trade_cost_scale": 379.31239324085385,
  "n_districts": 45,
  "n_total": 48,
  "welfare_pct": 6.662219817882287,
  "welfare_s1_pct": 6.348992601911951,
  "welfare_cv": 1.2565691637098659e-09,
  "stage2_converged": true,
  "welfare_s3_pct": 6.56461647126001,
  "welfare_s3_cv": 0.048309557926260405,
  "kappa": 2.0
}