{
  "country": "Congo Republic",
  "year": 2019,
  "parameters": {
    "theta": 5.0,
    "kappa": 2.0,
    "alpha": 0.65,
    "sigma": 5.0
  },
  "n_districts": 45,
  "n_total": 48,
  "welfare_pct": 21.206022448897578,
  "welfare_s1_pct": 56.076845798101125
}