{
  "year": 2019,
  "national_gdp_usd": 60382894697.3557,
  "total_population": 25813124.984375,
  "n_districts": 33,
  "parameters": {
    "theta": 5.0,
    "kappa": 2.0,
    "alpha": 0.65,
    "sigma": 5.0
  },
  "trade_cost_scale": 128.2789658333116,
  "median_pi_nn": 0.9541159676871376
}