{
  "year": 2019,
  "national_gdp_usd": 3088851450.30694,
  "total_population": 1116541.0285644531,
  "n_districts": 21,
  "parameters": {
    "theta": 5.0,
    "kappa": 2.0,
    "alpha": 0.65,
    "sigma": 5.0
  },
  "trade_cost_scale": 71.28464470438945,
  "median_pi_nn": 0.9118862922462947
}