{
  "country": "Djibouti",
  "year": 2019,
  "parameters": {
    "sigma": 5.0,
    "kappa": 2.0,
    "alpha": 0.65
  },
  "calibration_version": "v2-rrh-krugman-cse-row",
  "trade_cost_scale": 192.92177876274104,
  "n_districts": 20,
  "n_total": 21,
  "welfare_pct": 5.579268547835237,
  "welfare_s1_pct": 5.5146472846496986,
  "welfare_cv": 4.9349237921253534e-08,
  "stage2_converged": true,
  "welfare_s3_pct": 5.622893485249736,
  "welfare_s3_cv": 0.06347495950264023,
  "kappa": 2.0
}