{
  "country": "Eswatini",
  "year": 2019,
  "parameters": {
    "theta": 5.0,
    "kappa": 2.0,
    "alpha": 0.65,
    "sigma": 5.0
  },
  "n_districts": 55,
  "n_total": 55,
  "welfare_pct": 9.725262940497249,
  "welfare_s1_pct": 25.569533883306384
}