{
  "year": 2019,
  "national_gdp_usd": 91834517112.628,
  "total_population": 101013341.5390625,
  "n_districts": 79,
  "parameters": {
    "theta": 5.0,
    "kappa": 2.0,
    "alpha": 0.65,
    "sigma": 5.0
  },
  "trade_cost_scale": 325.56123511801684,
  "median_pi_nn": 0.7883078816227344
}