{
  "country": "Gabon",
  "year": 2019,
  "parameters": {
    "sigma": 5.0,
    "kappa": 2.0,
    "alpha": 0.65
  },
  "calibration_version": "v2-rrh-krugman-cse-row",
  "trade_cost_scale": 707.6617880352004,
  "n_districts": 27,
  "n_total": 37,
  "welfare_pct": 8.023434734359292,
  "welfare_s1_pct": 8.067944746379862,
  "welfare_cv": 4.1363725024396244e-08,
  "stage2_converged": true,
  "welfare_s3_pct": 8.135039975312752,
  "welfare_s3_cv": 0.033313014482884755,
  "kappa": 2.0
}