{
  "year": 2019,
  "national_gdp_usd": 16874405465.391,
  "total_population": 2901462.4213867188,
  "n_districts": 37,
  "parameters": {
    "theta": 5.0,
    "kappa": 2.0,
    "alpha": 0.65,
    "sigma": 5.0
  },
  "trade_cost_scale": 357.46419451168003,
  "median_pi_nn": 0.8618068219593196
}