{
  "country": "Gambia",
  "year": 2019,
  "parameters": {
    "theta": 5.0,
    "kappa": 2.0,
    "alpha": 0.65,
    "sigma": 5.0
  },
  "n_districts": 37,
  "n_total": 37,
  "welfare_pct": 4.560119273490093,
  "welfare_s1_pct": 24.349840490776998
}