{
  "country": "Ghana",
  "year": 2019,
  "parameters": {
    "sigma": 5.0,
    "kappa": 2.0,
    "alpha": 0.65
  },
  "calibration_version": "v2-rrh-krugman-cse-row",
  "trade_cost_scale": 85.70294348227436,
  "n_districts": 257,
  "n_total": 260,
  "welfare_pct": 8.639590970234746,
  "welfare_s1_pct": 8.549853761582549,
  "welfare_cv": 1.1385970137871239e-08,
  "stage2_converged": true,
  "welfare_s3_pct": 8.654179920703942,
  "welfare_s3_cv": 0.03266807101824319,
  "kappa": 2.0
}