{
  "country": "Guinea",
  "year": 2019,
  "parameters": {
    "sigma": 5.0,
    "kappa": 2.0,
    "alpha": 0.65
  },
  "calibration_version": "v2-rrh-krugman-cse-row",
  "trade_cost_scale": 482.84894433806477,
  "n_districts": 30,
  "n_total": 34,
  "welfare_pct": 8.887844192201456,
  "welfare_s1_pct": 8.75235687963678,
  "welfare_cv": 7.91903738548731e-08,
  "stage2_converged": true,
  "welfare_s3_pct": 8.87626320889916,
  "welfare_s3_cv": 0.030034107443573002,
  "kappa": 2.0
}