{
  "country": "Guinea-Bissau",
  "year": 2019,
  "parameters": {
    "theta": 5.0,
    "kappa": 2.0,
    "alpha": 0.65,
    "sigma": 5.0
  },
  "n_districts": 34,
  "n_total": 37,
  "welfare_pct": 10.26644589847756,
  "welfare_s1_pct": 13.791150677709663
}