{
  "year": 2019,
  "national_gdp_usd": 100378436207.371,
  "total_population": 53306316.840312496,
  "n_districts": 300,
  "parameters": {
    "theta": 5.0,
    "kappa": 2.0,
    "alpha": 0.65,
    "sigma": 5.0
  },
  "trade_cost_scale": 119.36177835300023,
  "median_pi_nn": 0.3404456282270841
}