{
  "country": "Liberia",
  "year": 2019,
  "parameters": {
    "theta": 5.0,
    "kappa": 2.0,
    "alpha": 0.65,
    "sigma": 5.0
  },
  "n_districts": 58,
  "n_total": 66,
  "welfare_pct": 29.772284031686745,
  "welfare_s1_pct": 30.917694539120923
}