{
  "year": 2019,
  "national_gdp_usd": 3319596500.0,
  "total_population": 4426714.638671875,
  "n_districts": 66,
  "parameters": {
    "theta": 5.0,
    "kappa": 2.0,
    "alpha": 0.65,
    "sigma": 5.0
  },
  "trade_cost_scale": 212.08550204925717,
  "median_pi_nn": 0.7159499471724726
}