{
  "country": "Malawi",
  "year": 2019,
  "parameters": {
    "sigma": 5.0,
    "kappa": 2.0,
    "alpha": 0.65
  },
  "calibration_version": "v2-rrh-krugman-cse-row",
  "trade_cost_scale": 69.1603691538158,
  "n_districts": 236,
  "n_total": 256,
  "welfare_pct": 11.900225230116202,
  "welfare_s1_pct": 12.062698570673124,
  "welfare_cv": 7.068946677678274e-10,
  "stage2_converged": true,
  "welfare_s3_pct": 12.10921651470047,
  "welfare_s3_cv": 0.03984201439071844,
  "kappa": 2.0
}