{
  "country": "Mali",
  "year": 2019,
  "parameters": {
    "theta": 5.0,
    "kappa": 2.0,
    "alpha": 0.65,
    "sigma": 5.0
  },
  "n_districts": 43,
  "n_total": 50,
  "welfare_pct": 16.45087324228498,
  "welfare_s1_pct": 25.25550400412042
}