{
  "country": "Mozambique",
  "year": 2019,
  "parameters": {
    "theta": 5.0,
    "kappa": 2.0,
    "alpha": 0.65,
    "sigma": 5.0
  },
  "n_districts": 126,
  "n_total": 129,
  "welfare_pct": 27.173210285736225,
  "welfare_s1_pct": 38.07346186145972
}