{
  "year": 2019,
  "national_gdp_usd": 12541928303.48,
  "total_population": 2398406.0737304688,
  "n_districts": 107,
  "parameters": {
    "theta": 5.0,
    "kappa": 2.0,
    "alpha": 0.65,
    "sigma": 5.0
  },
  "trade_cost_scale": 198.19866557692114,
  "median_pi_nn": 0.7295729966955017
}