{
  "country": "Niger",
  "year": 2019,
  "parameters": {
    "sigma": 5.0,
    "kappa": 2.0,
    "alpha": 0.65
  },
  "calibration_version": "v2-rrh-krugman-cse-row",
  "trade_cost_scale": 460.0040293260592,
  "n_districts": 33,
  "n_total": 36,
  "welfare_pct": 10.328084324291487,
  "welfare_s1_pct": 10.308685343110735,
  "welfare_cv": 8.192880464699068e-08,
  "stage2_converged": true,
  "welfare_s3_pct": 10.360696031335825,
  "welfare_s3_cv": 0.02590666806019651,
  "kappa": 2.0
}