{
  "country": "Nigeria",
  "year": 2019,
  "parameters": {
    "sigma": 5.0,
    "kappa": 2.0,
    "alpha": 0.65
  },
  "calibration_version": "v2-rrh-krugman-cse-row",
  "trade_cost_scale": 76.99565121560703,
  "n_districts": 755,
  "n_total": 775,
  "welfare_pct": 7.15758383294367,
  "welfare_s1_pct": 7.180361824651382,
  "welfare_cv": 7.556821648061023e-13,
  "stage2_converged": true,
  "welfare_s3_pct": 7.205821034937232,
  "welfare_s3_cv": 0.02290100115582675,
  "kappa": 2.0
}