{
  "country": "Rwanda",
  "year": 2019,
  "parameters": {
    "sigma": 5.0,
    "kappa": 2.0,
    "alpha": 0.65
  },
  "calibration_version": "v2-rrh-krugman-cse-row",
  "trade_cost_scale": 121.79201143586009,
  "n_districts": 30,
  "n_total": 30,
  "welfare_pct": 7.4063802856067396,
  "welfare_s1_pct": 7.532328868635707,
  "welfare_cv": 5.52066240697098e-08,
  "stage2_converged": true,
  "welfare_s3_pct": 7.525062749403877,
  "welfare_s3_cv": 0.021768921929619742,
  "kappa": 2.0
}