{
  "country": "Senegal",
  "year": 2019,
  "parameters": {
    "theta": 5.0,
    "kappa": 2.0,
    "alpha": 0.65,
    "sigma": 5.0
  },
  "n_districts": 42,
  "n_total": 45,
  "welfare_pct": 7.731693175346432,
  "welfare_s1_pct": 11.979317845701875
}