{
  "year": 2019,
  "national_gdp_usd": 23403995992.1354,
  "total_population": 15910294.40234375,
  "n_districts": 45,
  "parameters": {
    "theta": 5.0,
    "kappa": 2.0,
    "alpha": 0.65,
    "sigma": 5.0
  },
  "trade_cost_scale": 101.50082436598223,
  "median_pi_nn": 0.8489432872807545
}