{
  "country": "Senegal",
  "year": 2019,
  "parameters": {
    "sigma": 5.0,
    "kappa": 2.0,
    "alpha": 0.65
  },
  "calibration_version": "v2-rrh-krugman-cse-row",
  "trade_cost_scale": 206.3585607756726,
  "n_districts": 42,
  "n_total": 45,
  "welfare_pct": 4.286970253275069,
  "welfare_s1_pct": 4.234844477731325,
  "welfare_cv": 5.941973324826332e-08,
  "stage2_converged": true,
  "welfare_s3_pct": 4.2825103337925885,
  "welfare_s3_cv": 0.025275778886834854,
  "kappa": 2.0
}