{
  "country": "Somalia",
  "year": 2019,
  "parameters": {
    "sigma": 5.0,
    "kappa": 2.0,
    "alpha": 0.65
  },
  "calibration_version": "v2-rrh-krugman-cse-row",
  "trade_cost_scale": 494.73032503803137,
  "n_districts": 73,
  "n_total": 74,
  "welfare_pct": 16.902169901873986,
  "welfare_s1_pct": 16.69997979727771,
  "welfare_cv": 7.659475569002074e-08,
  "stage2_converged": true,
  "welfare_s3_pct": 16.952883550991626,
  "welfare_s3_cv": 0.03944634191476834,
  "kappa": 2.0
}