{
  "country": "Sudan",
  "year": 2019,
  "parameters": {
    "sigma": 5.0,
    "kappa": 2.0,
    "alpha": 0.65
  },
  "calibration_version": "v2-rrh-krugman-cse-row",
  "trade_cost_scale": 436.13208569471465,
  "n_districts": 79,
  "n_total": 80,
  "welfare_pct": 11.096390856876104,
  "welfare_s1_pct": 11.169743850164227,
  "welfare_cv": 7.399075999382777e-08,
  "stage2_converged": true,
  "welfare_s3_pct": 11.230208240070748,
  "welfare_s3_cv": 0.035583189904970704,
  "kappa": 2.0
}