{
  "year": 2019,
  "national_gdp_usd": 61026731926.0,
  "total_population": 54749800.077343754,
  "n_districts": 186,
  "parameters": {
    "theta": 5.0,
    "kappa": 2.0,
    "alpha": 0.65,
    "sigma": 5.0
  },
  "trade_cost_scale": 340.45261988366167,
  "median_pi_nn": 0.4344763625132786,
  "convergence": true
}