{
  "year": 2019,
  "national_gdp_usd": 61026731925.9213,
  "total_population": 54749799.46054687,
  "n_districts": 186,
  "parameters": {
    "theta": 5.0,
    "kappa": 2.0,
    "alpha": 0.65,
    "sigma": 5.0
  },
  "trade_cost_scale": 334.75306330788294,
  "median_pi_nn": 0.4411917693281547
}