{
  "country": "Tanzania",
  "year": 2019,
  "parameters": {
    "theta": 5.0,
    "kappa": 2.0,
    "alpha": 0.65,
    "sigma": 5.0
  },
  "n_districts": 160,
  "n_total": 186,
  "welfare_pct": 33.687529724802175,
  "welfare_s1_pct": 48.06143019710032
}