origin_name,dest_name,origin_region,dest_region,o_lat,o_lon,d_lat,d_lon,cf_base_ratio,cf_km,expected_surface,distance_km,duration_hr,speed_kmh
Monduli,Moshi Urban,Arusha,Kilimanjaro,-3.406393934335,36.22697524396343,-3.350446761938309,37.342542057555505,0.9910844385410842,134.26342934273552,paved,145.517,2.6966666666666668,53.96180469715698
Kaliua,Tabora,Tabora,Tabora,-4.95643792662762,31.73311667239441,-4.995154214663382,32.796090001436816,0.98386159212922,133.99485264923942,paved,135.793,1.938611111111111,70.04653961885657
Kinondoni,Morogoro Urban,Dar es Salaam,Morogoro,-6.7302787438589,39.143054388144826,-6.780833775311045,37.664342778279995,0.9823628130593955,180.88625481815527,paved,183.74,4.033888888888889,45.54909792039664
Hai,Babati Urban,Kilimanjaro,Manyara,-3.2916330040577817,37.201373574726894,-4.2022194463050475,35.74547087552503,0.9815377267487924,227.56037944394535,paved,238.547,3.861111111111111,61.78195683453237
Kilwa,Ruangwa,Lindi,Lindi,-9.105417084807495,39.02431504022308,-10.051592085721193,38.98707731219754,0.3333333333333333,139.69327721764628,unpaved,380.333,6.084444444444444,62.50907596785976
Kishapu,Igunga,Shinyanga,Tabora,-3.6914080959239834,33.759122105438905,-4.346029999422846,33.68862494237264,0.3369492600945083,100.83041994619835,unpaved,154.282,3.11,49.60836012861737
